SNP,Nombre,Tipo,Fuente
ss196455408,PZE-104059328,,Hufford_Domesticacion
ss196455410,PZE-104059333,synonymous,Hufford_Domesticacion
ss196482410,PZE-108025691,,Hufford_Domesticacion
ss196482412,PZE-108025700,,Hufford_Domesticacion
ss196501063,SYN10709,,Hufford_Domesticacion
ss196505694,SYN16514,,Hufford_Domesticacion
ss196505708,SYN16523,synonymous,Hufford_Domesticacion
ss196505710,SYN16524,,Hufford_Domesticacion
ss196505712,SYN16526,nonsynonymous,Hufford_Domesticacion
ss196505714,SYN16529,synonymous,Hufford_Domesticacion
ss196501728,SYN11474,synonymous,Hufford_Domesticacion
ss196421794,PUT-163a-94476049-4879,,Hufford_Domesticacion
ss196421792,PUT-163a-94476049-4878,,Hufford_Domesticacion
ss196530467,ZM001788-1266,,Hufford_Domesticacion
ss196439430,PZE-102118979,,Hufford_Domesticacion
ss196529107,SYN98,,Hufford_Domesticacion
ss196500521,SYN100,,Hufford_Domesticacion
ss196422680,PZE-101030089,,Hufford_Domesticacion
ss196424166,PZE-101074562,,Hufford_Domesticacion
ss196488086,PZE-108108630,,Hufford_Domesticacion
ss196431189,PZE-101192489,synonymous,Hufford_Domesticacion
ss196431191,PZE-101192491,,Hufford_Domesticacion
ss196419988,PUT-163a-60351617-2660,synonymous,Hufford_Domesticacion
ss196515382,SYN28290,synonymous,Hufford_Domesticacion
ss196515384,SYN28291,nonsynonymous,Hufford_Domesticacion
ss196515380,SYN28288,synonymous,Hufford_Domesticacion
ss196449957,PZE-103148913,,Hufford_Domesticacion
ss196449967,PZE-103149185,,Hufford_Domesticacion
ss196469079,PZE-106000399,synonymous,Hufford_Domesticacion
ss196502962,SYN12892,synonymous,Hufford_Domesticacion
ss196502964,SYN12893,nonsynonymous,Hufford_Domesticacion
ss196463959,PZE-105076715,synonymous,Hufford_Domesticacion
ss196493639,PZE-109085446,,Hufford_Domesticacion
ss196493641,PZE-109085452,,Hufford_Domesticacion
ss196457321,PZE-104087271,,Hufford_Domesticacion
ss196474998,PZE-106118292,synonymous,Hufford_Domesticacion
ss196518921,SYN32559,,Hufford_Domesticacion
ss196526236,SYN632,,Hufford_Domesticacion
ss196421114,PUT-163a-76926924-4037,,Hufford_Domesticacion
ss196421116,PUT-163a-76926924-4038,synonymous,Hufford_Domesticacion
ss196421112,PUT-163a-76926924-4036,synonymous,Hufford_Domesticacion
ss196421118,PUT-163a-76926924-4039,synonymous,Hufford_Domesticacion
ss196415439,PZD00015.5,,Hufford_Domesticacion
ss196415441,PZD00014.3,,Hufford_Domesticacion
ss196415443,PZD00014.4,,Hufford_Domesticacion
ss196415445,PZB02002.1,,Hufford_Domesticacion
ss196447264,PZE-103082740,,Hufford_Domesticacion
ss196430283,PZE-101174076,,Hufford_Domesticacion
ss196518111,SYN31509,synonymous,Hufford_Domesticacion
ss196480543,PZE-107092533,synonymous,Hufford_Domesticacion
ss196525598,SYN5579,synonymous,Hufford_Domesticacion
ss196494411,PZE-109116101,,Hufford_Domesticacion
ss196528371,SYN8851,synonymous,Hufford_Domesticacion
ss196450235,PZE-103158994,,Hufford_Domesticacion
ss196469641,PZE-106009413,synonymous,Hufford_Domesticacion
ss196469643,PZE-106009415,synonymous,Hufford_Domesticacion
ss196502438,SYN12291,nonsynonymous,Hufford_Domesticacion
ss196457561,PZE-104092320,,Hufford_Domesticacion
ss196421199,PUT-163a-78082681-4152,,Hufford_Domesticacion
ss196421203,PUT-163a-78082681-4154,,Hufford_Domesticacion
ss196421201,PUT-163a-78082681-4153,,Hufford_Domesticacion
ss196511193,SYN2310,,Hufford_Domesticacion
ss196511229,SYN2313,,Hufford_Domesticacion
ss196511183,SYN2309,,Hufford_Domesticacion
ss196418215,PUT-163a-148947767-496,synonymous,Hufford_Domesticacion
ss196451839,PZE-104019972,,Hufford_Domesticacion
ss196419456,PUT-163a-31998271-2018,synonymous,Hufford_Domesticacion
ss196417530,MZB00125.2,synonymous,Hufford_Domesticacion
ss196500012,PZE-110085296,synonymous,Hufford_Domesticacion
ss196487439,PZE-108090491,synonymous,Hufford_Domesticacion
ss196485560,PZE-108058210,,Hufford_Domesticacion
ss196485562,PZE-108058212,,Hufford_Domesticacion
ss196485564,PZE-108058213,,Hufford_Domesticacion
ss196485566,PZE-108058222,,Hufford_Domesticacion
ss196458730,PZE-104117901,nonsynonymous,Hufford_Domesticacion
ss196458732,PZE-104117905,,Hufford_Domesticacion
ss196518826,SYN32433,,Hufford_Domesticacion
ss196514397,SYN2702,synonymous,Hufford_Domesticacion
ss196514388,SYN2701,nonsynonymous,Hufford_Domesticacion
ss196482319,PZE-108022595,,Hufford_Domesticacion
ss196482321,PZE-108022596,,Hufford_Domesticacion
ss196482323,PZE-108022597,,Hufford_Domesticacion
ss196432531,PZE-101224937,,Hufford_Domesticacion
ss196513379,SYN25777,,Hufford_Domesticacion
ss196440818,PZE-102151324,nonsynonymous,Hufford_Domesticacion
ss196440820,PZE-102151348,,Hufford_Domesticacion
ss196463080,PZE-105063037,synonymous,Hufford_Domesticacion
ss196487891,PZE-108102250,synonymous,Hufford_Domesticacion
ss196511393,SYN23297,,Hufford_Domesticacion
ss196512436,SYN246,,Hufford_Domesticacion
ss196512753,SYN250,synonymous,Hufford_Domesticacion
ss196512581,SYN248,synonymous,Hufford_Domesticacion
ss196512900,SYN252,nonsynonymous,Hufford_Domesticacion
ss196451356,PZE-104009876,nonsynonymous,Hufford_Domesticacion
ss196522375,SYN37005,,Hufford_Domesticacion
ss196526883,SYN7075,,Hufford_Domesticacion
ss196448310,PZE-103098157,,Hufford_Domesticacion
ss196419900,PUT-163a-60346954-2563,synonymous,Hufford_Domesticacion
ss196415478,PZA00391.2,synonymous,Hufford_Domesticacion
ss196457161,PZE-104084170,,Hufford_Domesticacion
ss196457163,PZE-104084171,,Hufford_Domesticacion
ss196449797,PZE-103142654,,Hufford_Domesticacion
ss196432069,PZE-101213385,,Hufford_Domesticacion
ss196433951,PZE-102040935,synonymous,Hufford_Domesticacion
ss196506171,SYN17039,,Hufford_Domesticacion
ss196506169,SYN17037,,Hufford_Domesticacion
ss196506165,SYN17035,,Hufford_Domesticacion
ss196530258,SYNGENTA3518,synonymous,Hufford_Domesticacion
ss196530260,SYNGENTA3520,,Hufford_Domesticacion
ss196530256,SYNGENTA3515,synonymous,Hufford_Domesticacion
ss196521823,SYN36306,nonsynonymous,Hufford_Domesticacion
ss196415079,PZA03775.6,synonymous,Hufford_Domesticacion
ss196415081,PZA03775.3,synonymous,Hufford_Domesticacion
ss196526352,SYN6437,synonymous,Hufford_Domesticacion
ss196471958,PZE-106035308,nonsynonymous,Hufford_Domesticacion
ss196421350,PUT-163a-78112739-4310,synonymous,Hufford_Domesticacion
ss196487897,PZE-108102648,,Hufford_Domesticacion
ss196424318,PZE-101077385,synonymous,Hufford_Domesticacion
ss196449700,PZE-103139734,,Hufford_Domesticacion
ss196460394,PZE-104148949,,Hufford_Domesticacion
ss196517844,SYN3117,nonsynonymous,Hufford_Domesticacion
ss196517712,SYN3102,,Hufford_Domesticacion
ss196517783,SYN3110,,Hufford_Domesticacion
ss196517822,SYN3115,,Hufford_Domesticacion
ss196500014,PZE-110085540,,Hufford_Domesticacion
ss196529083,SYN9760,,Hufford_Domesticacion
ss196529085,SYN9761,synonymous,Hufford_Domesticacion
ss196419996,PUT-163a-60352681-2689,synonymous,Hufford_Domesticacion
ss196419998,PUT-163a-60352681-2690,nonsynonymous,Hufford_Domesticacion
ss196430307,PZE-101174451,,Hufford_Domesticacion
ss196430309,PZE-101174453,,Hufford_Domesticacion
ss196468910,PZE-105180900,,Hufford_Domesticacion
ss196466976,PZE-105108786,,Hufford_Domesticacion
ss196466978,PZE-105108791,,Hufford_Domesticacion
ss196466980,PZE-105108793,,Hufford_Domesticacion
ss196487387,PZE-108089328,nonsynonymous,Hufford_Domesticacion
ss196487389,PZE-108089331,synonymous,Hufford_Domesticacion
ss196420567,PUT-163a-71443566-3350,synonymous,Hufford_Domesticacion
ss196447885,PZE-103091693,synonymous,Hufford_Domesticacion
ss196457210,PZE-104085170,nonsynonymous,Hufford_Domesticacion
ss196463693,PZE-105073340,,Hufford_Domesticacion
ss196451611,PZE-104015279,,Hufford_Domesticacion
ss196449569,PZE-103136668,,Hufford_Domesticacion
ss196493771,PZE-109089764,synonymous,Hufford_Domesticacion
ss196528259,SYN8710,,Hufford_Domesticacion
ss196449163,PZE-103123525,,Hufford_Domesticacion
ss196449165,PZE-103123526,,Hufford_Domesticacion
ss196449167,PZE-103123530,,Hufford_Domesticacion
ss196449169,PZE-103123538,,Hufford_Domesticacion
ss196467460,PZE-105121864,,Hufford_Domesticacion
ss196416505,PHM5361.13,,Hufford_Domesticacion
ss196416507,PZA00910.1,,Hufford_Domesticacion
ss196529945,SYNGENTA16367,,Hufford_Domesticacion
ss196479410,PZE-107062614,,Hufford_Domesticacion
ss196418360,PUT-163a-148967799-630,synonymous,Hufford_Domesticacion
ss196422576,PZE-101025939,,Hufford_Domesticacion
ss196463241,PZE-105065855,,Hufford_Domesticacion
ss196466755,PZE-105105421,,Hufford_Domesticacion
ss196466757,PZE-105105422,synonymous,Hufford_Domesticacion
ss196449282,PZE-103125853,,Hufford_Domesticacion
ss196435468,PZE-102078126,synonymous,Hufford_Domesticacion
ss196462781,PZE-105056557,,Hufford_Domesticacion
ss196462783,PZE-105056558,,Hufford_Domesticacion
ss196507460,SYN18564,,Hufford_Domesticacion
ss196507458,SYN18563,synonymous,Hufford_Domesticacion
ss196507465,SYN18567,,Hufford_Domesticacion
ss196519625,SYN33473,synonymous,Hufford_Domesticacion
ss196492809,PZE-109066536,synonymous,Hufford_Domesticacion
ss196472697,PZE-106048524,synonymous,Hufford_Domesticacion
ss196523492,SYN38352,,Hufford_Domesticacion
ss196513631,SYN26120,synonymous,Hufford_Domesticacion
ss196513626,SYN26118,synonymous,Hufford_Domesticacion
ss196422960,PZE-101039371,,Hufford_Domesticacion
ss196502650,SYN12585,,Hufford_Domesticacion
ss196415043,PZB02035.2,,Hufford_Domesticacion
ss196434241,PZE-102049032,,Hufford_Domesticacion
ss196415045,PZB02035.3,,Hufford_Domesticacion
ss196415047,PZB02035.1,,Hufford_Domesticacion
ss196415049,abph1.22,nonsynonymous,Hufford_Domesticacion
ss196415051,abph1.15,,Hufford_Domesticacion
ss196519719,SYN33641,,Hufford_Domesticacion
ss196530686,ZM011131-0184,synonymous,Hufford_Domesticacion
ss196523876,SYN38859,,Hufford_Domesticacion
ss196523874,SYN38857,,Hufford_Domesticacion
ss196458278,PZE-104108744,synonymous,Hufford_Domesticacion
ss196472723,PZE-106049372,,Hufford_Domesticacion
ss196472725,PZE-106049373,,Hufford_Domesticacion
ss196493366,PZE-109078521,,Hufford_Domesticacion
ss196469569,PZE-106008892,synonymous,Hufford_Domesticacion
ss196469571,PZE-106008894,synonymous,Hufford_Domesticacion
ss196469573,PZE-106008904,,Hufford_Domesticacion
ss196508468,SYN19725,synonymous,Hufford_Domesticacion
ss196497578,PZE-110039856,,Hufford_Domesticacion
ss196523016,SYN37779,nonsynonymous,Hufford_Domesticacion
ss196523014,SYN37778,synonymous,Hufford_Domesticacion
ss196523012,SYN37777,synonymous,Hufford_Domesticacion
ss196523010,SYN37776,nonsynonymous,Hufford_Domesticacion
ss196523008,SYN37775,,Hufford_Domesticacion
ss196433703,PZE-102030673,synonymous,Hufford_Domesticacion
ss196449204,PZE-103124686,,Hufford_Domesticacion
ss196442422,PZE-103016554,,Hufford_Domesticacion
ss196518227,SYN31664,,Hufford_Domesticacion
ss196498717,PZE-110053754,,Hufford_Domesticacion
ss196498719,PZE-110053792,,Hufford_Domesticacion
ss196498721,PZE-110053797,,Hufford_Domesticacion
ss196480727,PZE-107097215,nonsynonymous,Hufford_Domesticacion
ss196414992,PZB00219.4,,Hufford_Domesticacion
ss196414994,zfl2.9,,Hufford_Domesticacion
ss196482384,PZE-108024664,,Hufford_Domesticacion
ss196482386,PZE-108024691,,Hufford_Domesticacion
ss196494262,PZE-109109191,,Hufford_Domesticacion
ss196442348,PZE-103013676,,Hufford_Domesticacion
ss196481012,PZE-107110409,synonymous,Hufford_Domesticacion
ss196481015,PZE-107110443,,Hufford_Domesticacion
ss196531160,ZM013757-0256,,Hufford_Domesticacion
ss196434513,PZE-102056473,synonymous,Hufford_Domesticacion
ss196434515,PZE-102056478,nonsynonymous,Hufford_Domesticacion
ss196513405,SYN25806,synonymous,Hufford_Domesticacion
ss196472317,PZE-106041140,,Hufford_Domesticacion
ss196472319,PZE-106041148,,Hufford_Domesticacion
ss196472321,PZE-106041162,,Hufford_Domesticacion
ss196472323,PZE-106041163,,Hufford_Domesticacion
ss196475618,PZE-107017064,synonymous,Hufford_Domesticacion
ss196523490,SYN38349,,Hufford_Domesticacion
ss196523488,SYN38348,,Hufford_Domesticacion
ss196523486,SYN38347,,Hufford_Domesticacion
ss196486326,PZE-108069440,synonymous,Hufford_Domesticacion
ss196486328,PZE-108069441,synonymous,Hufford_Domesticacion
ss196486330,PZE-108069443,,Hufford_Domesticacion
ss196486332,PZE-108069445,,Hufford_Domesticacion
ss196421213,PUT-163a-78083518-4162,,Hufford_Domesticacion
ss196421215,PUT-163a-78083518-4163,,Hufford_Domesticacion
ss196479184,PZE-107058976,synonymous,Hufford_Domesticacion
ss196479186,PZE-107058980,,Hufford_Domesticacion
ss196479188,PZE-107058981,,Hufford_Domesticacion
ss196462282,PZE-105050194,synonymous,Hufford_Domesticacion
ss196462279,PZE-105050183,synonymous,Hufford_Domesticacion
ss196462277,PZE-105050181,,Hufford_Domesticacion
ss196462275,PZE-105050173,,Hufford_Domesticacion
ss196473974,PZE-106076237,,Hufford_Domesticacion
ss196473976,PZE-106076238,,Hufford_Domesticacion
ss196416431,PZD00011.3,,Hufford_Domesticacion
ss196416433,PZD00011.4,,Hufford_Domesticacion
ss196434015,PZE-102043638,,Hufford_Domesticacion
ss196415033,PZA00471.2,synonymous,Hufford_Domesticacion
ss196415035,PZA00471.4,,Hufford_Domesticacion
ss196415037,PZA00471.3,,Hufford_Domesticacion
ss196421321,PUT-163a-78107436-4275,synonymous,Hufford_Domesticacion
ss196469091,PZE-106000516,,Hufford_Domesticacion
ss196442568,PZE-103021909,,Hufford_Domesticacion
ss196507414,SYN18522,synonymous,Hufford_Domesticacion
ss196457194,PZE-104084743,,Hufford_Domesticacion
ss196459954,PZE-104137492,nonsynonymous,Hufford_Domesticacion
ss196459956,PZE-104137493,synonymous,Hufford_Domesticacion
ss196508374,SYN19608,synonymous,Hufford_Domesticacion
ss196508372,SYN19607,synonymous,Hufford_Domesticacion
ss196459959,PZE-104137501,synonymous,Hufford_Domesticacion
ss196451978,PZE-104021774,,Hufford_Domesticacion
ss196451980,PZE-104021776,,Hufford_Domesticacion
ss196451982,PZE-104021777,,Hufford_Domesticacion
ss196429192,PZE-101145493,,Hufford_Domesticacion
ss196429194,PZE-101145494,,Hufford_Domesticacion
ss196449523,PZE-103134790,synonymous,Hufford_Domesticacion
ss196500855,SYN10450,synonymous,Hufford_Domesticacion
ss196442488,PZE-103019475,,Hufford_Domesticacion
ss196511118,SYN23004,,Hufford_Domesticacion
ss196511125,SYN23007,,Hufford_Domesticacion
ss196424215,PZE-101075225,synonymous,Hufford_Domesticacion
ss196424217,PZE-101075226,,Hufford_Domesticacion
ss196473915,PZE-106075520,synonymous,Hufford_Domesticacion
ss196473917,PZE-106075522,synonymous,Hufford_Domesticacion
ss196513647,SYN26149,,Hufford_Domesticacion
ss196482337,PZE-108023205,synonymous,Hufford_Domesticacion
ss196418757,PUT-163a-16925711-1108,synonymous,Hufford_Domesticacion
ss196415213,PZA03528.3,synonymous,Hufford_Domesticacion
ss196415215,PZA03528.1,synonymous,Hufford_Domesticacion
ss196415217,PZA03529.6,,Hufford_Domesticacion
ss196452760,PZE-104034769,,Hufford_Domesticacion
ss196516718,SYN29822,synonymous,Hufford_Domesticacion
ss196431552,PZE-101198911,synonymous,Hufford_Domesticacion
ss196504699,SYN15204,nonsynonymous,Hufford_Domesticacion
ss196504701,SYN15206,,Hufford_Domesticacion
ss196487963,PZE-108104216,nonsynonymous,Hufford_Domesticacion
ss196487479,PZE-108091439,,Hufford_Domesticacion
ss196487481,PZE-108091441,,Hufford_Domesticacion
ss196494187,PZE-109106186,,Hufford_Domesticacion
ss196494189,PZE-109106187,,Hufford_Domesticacion
ss196494191,PZE-109106188,,Hufford_Domesticacion
ss196494193,PZE-109106189,,Hufford_Domesticacion
ss196471564,PZE-106030916,synonymous,Hufford_Domesticacion
ss196482341,PZE-108023409,,Hufford_Domesticacion
ss196461604,PZE-105042279,synonymous,Hufford_Domesticacion
ss196529266,SYNGENTA0377,synonymous,Hufford_Domesticacion
ss196529270,SYNGENTA0393,nonsynonymous,Hufford_Domesticacion
ss196529268,SYNGENTA0391,synonymous,Hufford_Domesticacion
ss196512908,SYN25211,,Hufford_Domesticacion
ss196464427,PZE-105081845,,Hufford_Domesticacion
ss196476606,PZE-107030186,synonymous,Hufford_Domesticacion
ss196523834,SYN38807,,Hufford_Domesticacion
ss196504907,SYN15478,synonymous,Hufford_Domesticacion
ss196473247,PZE-106060733,,Hufford_Domesticacion
ss196513553,SYN26023,,Hufford_Domesticacion
ss196442420,PZE-103016529,nonsynonymous,Hufford_Domesticacion
ss196428706,PZE-101135767,,Hufford_Domesticacion
ss196523020,SYN37784,nonsynonymous,Hufford_Domesticacion
ss196467863,PZE-105131005,,Hufford_Domesticacion
ss196450042,PZE-103151247,,Hufford_Domesticacion
ss196523208,SYN38007,,Hufford_Domesticacion
ss196523210,SYN38008,,Hufford_Domesticacion
ss196475974,PZE-107023224,synonymous,Hufford_Domesticacion
ss196475976,PZE-107023225,,Hufford_Domesticacion
ss196523206,SYN38006,,Hufford_Domesticacion
ss196429840,PZE-101164384,synonymous,Hufford_Domesticacion
ss196521049,SYN35289,synonymous,Hufford_Domesticacion
ss196429842,PZE-101164389,synonymous,Hufford_Domesticacion
ss196518074,SYN31450,synonymous,Hufford_Domesticacion
ss196475416,PZE-107011659,nonsynonymous,Hufford_Domesticacion
ss196512741,SYN24992,synonymous,Hufford_Domesticacion
ss196475418,PZE-107011664,synonymous,Hufford_Domesticacion
ss196475420,PZE-107011683,,Hufford_Domesticacion
ss196512749,SYN24998,,Hufford_Domesticacion
ss196442916,PZE-103031307,,Hufford_Domesticacion
ss196442918,PZE-103031314,,Hufford_Domesticacion
ss196442920,PZE-103031315,,Hufford_Domesticacion
ss196519124,SYN32815,synonymous,Hufford_Domesticacion
ss196504254,SYN14563,,Hufford_Domesticacion
ss196505374,SYN16076,,Hufford_Domesticacion
ss196489241,PZE-109016540,,Hufford_Domesticacion
ss196431813,PZE-101206210,,Hufford_Domesticacion
ss196458060,PZE-104103688,synonymous,Hufford_Domesticacion
ss196492374,PZE-109058339,synonymous,Hufford_Domesticacion
ss196431891,PZE-101208112,,Hufford_Domesticacion
ss196439477,PZE-102119571,,Hufford_Domesticacion
ss196439479,PZE-102119573,synonymous,Hufford_Domesticacion
ss196474575,PZE-106092575,synonymous,Hufford_Domesticacion
ss196416469,PZA01342.2,,Hufford_Domesticacion
ss196429287,PZE-101147579,,Hufford_Domesticacion
ss196521771,SYN3623,synonymous,Hufford_Domesticacion
ss196485851,PZE-108062259,,Hufford_Domesticacion
ss196485854,PZE-108062273,,Hufford_Domesticacion
ss196469351,PZE-106006700,synonymous,Hufford_Domesticacion
ss196469353,PZE-106006705,synonymous,Hufford_Domesticacion
ss196469355,PZE-106006706,synonymous,Hufford_Domesticacion
ss196469357,PZE-106006707,,Hufford_Domesticacion
ss196450435,PZE-103168329,,Hufford_Domesticacion
ss196487642,PZE-108095959,synonymous,Hufford_Domesticacion
ss196499643,PZE-110069317,,Hufford_Domesticacion
ss196466030,PZE-105096988,synonymous,Hufford_Domesticacion
ss196499639,PZE-110069234,,Hufford_Domesticacion
ss196509094,SYN20452,,Hufford_Domesticacion
ss196433027,PZE-101246363,,Hufford_Domesticacion
ss196432736,PZE-101233249,,Hufford_Domesticacion
ss196451107,PZE-104000239,synonymous,Hufford_Domesticacion
ss196451109,PZE-104000245,,Hufford_Domesticacion
ss196451565,PZE-104014100,,Hufford_Domesticacion
ss196434727,PZE-102061598,synonymous,Hufford_Domesticacion
ss196521801,SYN36281,,Hufford_Domesticacion
ss196472207,PZE-106039072,,Hufford_Domesticacion
ss196527619,SYN7888,,Hufford_Domesticacion
ss196420553,PUT-163a-71442496-3332,synonymous,Hufford_Domesticacion
ss196420555,PUT-163a-71442496-3333,,Hufford_Domesticacion
ss196420557,PUT-163a-71442496-3334,,Hufford_Domesticacion
ss196440476,PZE-102141561,synonymous,Hufford_Domesticacion
ss196440730,PZE-102148690,,Hufford_Domesticacion
ss196429158,PZE-101144585,,Hufford_Domesticacion
ss196451739,PZE-104018476,nonsynonymous,Hufford_Domesticacion
ss196417335,PHM6822.4,synonymous,Hufford_Domesticacion
ss196417337,PZA00552.4,synonymous,Hufford_Domesticacion
ss196415005,PZA00459.5,,Hufford_Domesticacion
ss196514593,SYN27290,synonymous,Hufford_Domesticacion
ss196514589,SYN27288,,Hufford_Domesticacion
ss196433790,PZE-102036006,,Hufford_Domesticacion
ss196509001,SYN2035,,Hufford_Domesticacion
ss196442966,PZE-103031804,,Hufford_Domesticacion
ss196442968,PZE-103031814,,Hufford_Domesticacion
ss196442970,PZE-103031823,,Hufford_Domesticacion
ss196457005,PZE-104079887,synonymous,Hufford_Domesticacion
ss196430037,PZE-101168749,,Hufford_Domesticacion
ss196514115,SYN26702,nonsynonymous,Hufford_Domesticacion
ss196514119,SYN26704,,Hufford_Domesticacion
ss196514125,SYN26710,,Hufford_Domesticacion
ss196441367,PZE-102171479,,Hufford_Domesticacion
ss196514117,SYN26703,nonsynonymous,Hufford_Domesticacion
ss196514107,SYN26699,nonsynonymous,Hufford_Domesticacion
ss196514105,SYN26698,,Hufford_Domesticacion
ss196494035,PZE-109099347,,Hufford_Domesticacion
ss196467939,PZE-105134207,,Hufford_Domesticacion
ss196507383,SYN18489,synonymous,Hufford_Domesticacion
ss196507385,SYN18494,synonymous,Hufford_Domesticacion
ss196482404,PZE-108025294,,Hufford_Mejoramiento
ss196504264,SYN14577,,Hufford_Mejoramiento
ss196420342,PUT-163a-71306351-3085,synonymous,Hufford_Mejoramiento
ss196520254,SYN3434,,Hufford_Mejoramiento
ss196481466,PZE-107137123,,Hufford_Mejoramiento
ss196442693,PZE-103025270,,Hufford_Mejoramiento
ss196520912,SYN35090,synonymous,Hufford_Mejoramiento
ss196520918,SYN35093,synonymous,Hufford_Mejoramiento
ss196520916,SYN35092,synonymous,Hufford_Mejoramiento
ss196416221,PZA01304.1,,Hufford_Mejoramiento
ss196467481,PZE-105122055,synonymous,Hufford_Mejoramiento
ss196457984,PZE-104101641,,Hufford_Mejoramiento
ss196448586,PZE-103104368,,Hufford_Mejoramiento
ss196501726,SYN11473,synonymous,Hufford_Mejoramiento
ss196431422,PZE-101196838,,Hufford_Mejoramiento
ss196433857,PZE-102038533,synonymous,Hufford_Mejoramiento
ss196433859,PZE-102038543,synonymous,Hufford_Mejoramiento
ss196433861,PZE-102038546,synonymous,Hufford_Mejoramiento
ss196433863,PZE-102038547,synonymous,Hufford_Mejoramiento
ss196464065,PZE-105077838,synonymous,Hufford_Mejoramiento
ss196421062,PUT-163a-76292635-3968,synonymous,Hufford_Mejoramiento
ss196440530,PZE-102143579,synonymous,Hufford_Mejoramiento
ss196525471,SYN5427,synonymous,Hufford_Mejoramiento
ss196418147,PUT-163a-148940757-437,synonymous,Hufford_Mejoramiento
ss196415219,PZA02890.5,synonymous,Hufford_Mejoramiento
ss196415221,PZA02890.4,synonymous,Hufford_Mejoramiento
ss196525473,SYN5428,synonymous,Hufford_Mejoramiento
ss196415223,PZA02890.3,synonymous,Hufford_Mejoramiento
ss196525475,SYN5429,synonymous,Hufford_Mejoramiento
ss196525477,SYN5430,synonymous,Hufford_Mejoramiento
ss196525479,SYN5431,synonymous,Hufford_Mejoramiento
ss196440532,PZE-102143587,synonymous,Hufford_Mejoramiento
ss196458117,PZE-104105522,synonymous,Hufford_Mejoramiento
ss196527539,SYN7795,synonymous,Hufford_Mejoramiento
ss196461345,PZE-105037571,,Hufford_Mejoramiento
ss196504089,SYN14297,synonymous,Hufford_Mejoramiento
ss196507603,SYN18729,synonymous,Hufford_Mejoramiento
ss196507607,SYN18730,synonymous,Hufford_Mejoramiento
ss196507597,SYN18726,synonymous,Hufford_Mejoramiento
ss196507599,SYN18727,synonymous,Hufford_Mejoramiento
ss196507595,SYN18725,,Hufford_Mejoramiento
ss196507601,SYN18728,,Hufford_Mejoramiento
ss196414876,PZA02044.1,,Hufford_Mejoramiento
ss196514798,SYN27560,synonymous,Hufford_Mejoramiento
ss196514800,SYN27563,synonymous,Hufford_Mejoramiento
ss196471992,PZE-106035943,,Hufford_Mejoramiento
ss196482376,PZE-108024348,synonymous,Hufford_Mejoramiento
ss196482378,PZE-108024389,nonsynonymous,Hufford_Mejoramiento
ss196440127,PZE-102130140,synonymous,Hufford_Mejoramiento
ss196501063,SYN10709,,Hufford_Mejoramiento
ss196473106,PZE-106057200,synonymous,Hufford_Mejoramiento
ss196473108,PZE-106057201,synonymous,Hufford_Mejoramiento
ss196473110,PZE-106057202,synonymous,Hufford_Mejoramiento
ss196433839,PZE-102037684,synonymous,Hufford_Mejoramiento
ss196433837,PZE-102037657,synonymous,Hufford_Mejoramiento
ss196433834,PZE-102037650,,Hufford_Mejoramiento
ss196433832,PZE-102037649,,Hufford_Mejoramiento
ss196530740,ZM012239-0302,,Hufford_Mejoramiento
ss196499960,PZE-110082173,nonsynonymous,Hufford_Mejoramiento
ss196481533,PZE-108000099,synonymous,Hufford_Mejoramiento
ss196416787,PZA02388.1,nonsynonymous,Hufford_Mejoramiento
ss196481535,PZE-108000101,,Hufford_Mejoramiento
ss196481537,PZE-108000104,synonymous,Hufford_Mejoramiento
ss196481539,PZE-108000105,synonymous,Hufford_Mejoramiento
ss196481541,PZE-108000107,,Hufford_Mejoramiento
ss196481543,PZE-108000108,,Hufford_Mejoramiento
ss196481545,PZE-108000109,,Hufford_Mejoramiento
ss196481547,PZE-108000112,,Hufford_Mejoramiento
ss196483034,PZE-108032751,synonymous,Hufford_Mejoramiento
ss196469538,PZE-106008506,,Hufford_Mejoramiento
ss196469540,PZE-106008511,nonsynonymous,Hufford_Mejoramiento
ss196469542,PZE-106008513,,Hufford_Mejoramiento
ss196442689,PZE-103025094,nonsynonymous,Hufford_Mejoramiento
ss196485551,PZE-108058117,,Hufford_Mejoramiento
ss196433802,PZE-102036903,synonymous,Hufford_Mejoramiento
ss196482339,PZE-108023313,,Hufford_Mejoramiento
ss196493211,PZE-109075570,,Hufford_Mejoramiento
ss196451857,PZE-104020366,synonymous,Hufford_Mejoramiento
ss196508861,SYN20197,,Hufford_Mejoramiento
ss196508863,SYN20199,synonymous,Hufford_Mejoramiento
ss196457321,PZE-104087271,,Hufford_Mejoramiento
ss196481519,PZE-107138247,,Hufford_Mejoramiento
ss196523302,SYN38128,,Hufford_Mejoramiento
s196493599,PZE-109083934,,Hufford_Mejoramiento
ss196498387,PZE-110050042,synonymous,Hufford_Mejoramiento
ss196474553,PZE-106091692,,Hufford_Mejoramiento
ss196448902,PZE-103114860,,Hufford_Mejoramiento
ss196434607,PZE-102058836,synonymous,Hufford_Mejoramiento
ss196421550,PUT-163a-89247608-4605,,Hufford_Mejoramiento
ss196421552,PUT-163a-89247608-4606,,Hufford_Mejoramiento
ss196457121,PZE-104083286,,Hufford_Mejoramiento
ss196473156,PZE-106058286,synonymous,Hufford_Mejoramiento
ss196487642,PZE-108095959,synonymous,Hufford_Mejoramiento
ss196457797,PZE-104097221,synonymous,Hufford_Mejoramiento
ss196457260,PZE-104086354,,Hufford_Mejoramiento
ss196508013,SYN1918,,Hufford_Mejoramiento
ss196457262,PZE-104086366,synonymous,Hufford_Mejoramiento
ss196457264,PZE-104086367,synonymous,Hufford_Mejoramiento
ss196508009,SYN1917,synonymous,Hufford_Mejoramiento
ss196457266,PZE-104086374,synonymous,Hufford_Mejoramiento
ss196508041,SYN1921,synonymous,Hufford_Mejoramiento
ss196441359,PZE-102171114,synonymous,Hufford_Mejoramiento
ss196529637,SYNGENTA13567,,Hufford_Mejoramiento
ss196481017,PZE-107110616,,Hufford_Mejoramiento
ss196520763,SYN3492,,Hufford_Mejoramiento
ss196520745,SYN3490,,Hufford_Mejoramiento
ss196520813,SYN3499,nonsynonymous,Hufford_Mejoramiento
ss196520860,SYN3503,,Hufford_Mejoramiento
ss196520847,SYN3502,,Hufford_Mejoramiento
ss196520795,SYN3497,,Hufford_Mejoramiento
ss196520759,SYN3491,synonymous,Hufford_Mejoramiento
ss196449527,PZE-103134949,,Hufford_Mejoramiento
ss196527411,SYN7651,,Hufford_Mejoramiento
ss196488679,PZE-109001669,synonymous,Hufford_Mejoramiento
ss196488681,PZE-109001692,synonymous,Hufford_Mejoramiento
ss196518905,SYN32527,,Hufford_Mejoramiento
ss196414628,PZA03532.2,,Hufford_Mejoramiento
ss196429072,PZE-101143122,,Hufford_Mejoramiento
ss196414630,PZA03531.1,stoploss,Hufford_Mejoramiento
ss196429074,PZE-101143134,,Hufford_Mejoramiento
ss196429076,PZE-101143143,,Hufford_Mejoramiento
ss196513113,SYN25450,,Hufford_Mejoramiento
ss196419620,PUT-163a-50327822-2193,synonymous,Hufford_Mejoramiento
ss196419622,PUT-163a-50327822-2195,synonymous,Hufford_Mejoramiento
ss196514726,SYN27469,,Hufford_Mejoramiento
ss196514730,SYN27478,,Hufford_Mejoramiento
ss196514728,SYN27477,,Hufford_Mejoramiento
ss196492809,PZE-109066536,synonymous,Hufford_Mejoramiento
ss196480131,PZE-107081628,,Hufford_Mejoramiento
ss196416662,PZA00040.19,synonymous,Hufford_Mejoramiento
ss196483973,PZE-108041256,,Hufford_Mejoramiento
ss196481946,PZE-108012113,,Hufford_Mejoramiento
ss196418952,PUT-163a-18170189-1352,,Hufford_Mejoramiento
ss196530157,SYNGENTA17509,synonymous,Hufford_Mejoramiento
ss196530163,SYNGENTA17524,,Hufford_Mejoramiento
ss196462785,PZE-105056632,synonymous,Hufford_Mejoramiento
ss196432728,PZE-101233132,synonymous,Hufford_Mejoramiento
ss196530340,SYNGENTA5469,,Hufford_Mejoramiento
ss196530344,SYNGENTA5472,,Hufford_Mejoramiento
ss196530342,SYNGENTA5470,,Hufford_Mejoramiento
ss196521137,SYN35388,,Hufford_Mejoramiento
ss196488846,PZE-109005622,,Hufford_Mejoramiento
ss196481124,PZE-107117132,,Hufford_Mejoramiento
ss196436373,PZE-102088540,synonymous,Hufford_Mejoramiento
ss196436375,PZE-102088551,synonymous,Hufford_Mejoramiento
ss196433541,PZE-102018146,synonymous,Hufford_Mejoramiento
ss196433543,PZE-102018147,synonymous,Hufford_Mejoramiento
ss196487656,PZE-108096469,,Hufford_Mejoramiento
ss196430749,PZE-101183799,,Hufford_Mejoramiento
ss196415993,PZB01993.2,synonymous,Hufford_Mejoramiento
ss196429204,PZE-101145628,,Hufford_Mejoramiento
ss196489105,PZE-109012965,synonymous,Hufford_Mejoramiento
ss196506934,SYN17991,synonymous,Hufford_Mejoramiento
ss196506932,SYN17988,synonymous,Hufford_Mejoramiento
ss196487833,PZE-108100566,,Hufford_Mejoramiento
ss196510761,SYN22542,,Hufford_Mejoramiento
ss196510765,SYN22545,,Hufford_Mejoramiento
ss196510759,SYN22541,,Hufford_Mejoramiento
ss196510763,SYN22544,,Hufford_Mejoramiento
ss196488818,PZE-109004923,,Hufford_Mejoramiento
ss196422646,PZE-101028839,synonymous,Hufford_Mejoramiento
ss196450663,PZE-103177313,,Hufford_Mejoramiento
ss196508348,SYN19585,synonymous,Hufford_Mejoramiento
ss196508352,SYN19588,synonymous,Hufford_Mejoramiento
ss196508354,SYN19590,synonymous,Hufford_Mejoramiento
ss196508350,SYN19587,,Hufford_Mejoramiento
ss196494667,PZE-110004233,synonymous,Hufford_Mejoramiento
ss196415583,PHM3075.15,,Hufford_Mejoramiento
ss196418791,PUT-163a-16926572-1146,,Hufford_Mejoramiento
ss196520463,SYN34593,nonsynonymous,Hufford_Mejoramiento
ss196432166,PZE-101215292,,Hufford_Mejoramiento
ss196432168,PZE-101215293,,Hufford_Mejoramiento
ss196418453,PUT-163a-149007696-749,synonymous,Hufford_Mejoramiento
ss196418451,PUT-163a-149007696-748,nonsynonymous,Hufford_Mejoramiento
ss196432100,PZE-101213906,,Hufford_Mejoramiento
ss196414744,PZA03392.2,synonymous,Hufford_Mejoramiento
ss196414746,PZA03392.1,,Hufford_Mejoramiento
ss196421756,PUT-163a-93282272-4846,synonymous,Hufford_Mejoramiento
ss196501846,SYN11610,,Hufford_Mejoramiento
ss196525160,SYN4962,synonymous,Hufford_Mejoramiento
ss196498691,PZE-110053539,,Hufford_Mejoramiento
ss196474571,PZE-106092483,,Hufford_Mejoramiento
ss196415550,PZA03733.2,,Hufford_Mejoramiento
ss196417754,PZA-003733001,,Hufford_Mejoramiento
ss196449221,PZE-103125051,,Hufford_Mejoramiento
ss196449223,PZE-103125052,,Hufford_Mejoramiento
ss196415552,PZA03734.2,,Hufford_Mejoramiento
ss196415556,PZA03735.1,synonymous,Hufford_Mejoramiento
ss196481477,PZE-107137192,,Hufford_Mejoramiento
ss196511349,SYN23257,synonymous,Hufford_Mejoramiento
ss196511347,SYN23256,synonymous,Hufford_Mejoramiento
ss196520154,SYN34220,,Hufford_Mejoramiento
ss196473901,PZE-106075090,,Hufford_Mejoramiento
ss196508567,SYN19861,synonymous,Hufford_Mejoramiento
ss196463024,PZE-105061842,,Hufford_Mejoramiento
ss196482269,PZE-108021167,,Hufford_Mejoramiento
ss196480678,PZE-107095336,,Hufford_Mejoramiento
ss196414398,PZA01652.1,,Hufford_Mejoramiento
ss196519367,SYN33162,,Hufford_Mejoramiento
ss196519124,SYN32815,synonymous,Hufford_Mejoramiento
ss196514460,SYN271,synonymous,Hufford_Mejoramiento
ss196514742,SYN275,synonymous,Hufford_Mejoramiento
ss196514836,SYN276,synonymous,Hufford_Mejoramiento
ss196515318,SYN282,synonymous,Hufford_Mejoramiento
ss196514924,SYN277,synonymous,Hufford_Mejoramiento
ss196480133,PZE-107081665,,Hufford_Mejoramiento
ss196433786,PZE-102035884,,Hufford_Mejoramiento
ss196420115,PUT-163a-60356862-2813,,Hufford_Mejoramiento
ss196512240,SYN24350,synonymous,Hufford_Mejoramiento
ss196512242,SYN24351,,Hufford_Mejoramiento
ss196418117,PUT-163a-148937427-415,nonsynonymous,Hufford_Mejoramiento
ss196512226,SYN24328,,Hufford_Mejoramiento
ss196472109,PZE-106037346,nonsynonymous,Hufford_Mejoramiento
ss196440456,PZE-102140935,,Hufford_Mejoramiento
ss196434330,PZE-102051853,,Hufford_Mejoramiento
ss196452905,PZE-104035939,,Hufford_Mejoramiento
ss196452907,PZE-104035952,,Hufford_Mejoramiento
ss196452909,PZE-104035964,,Hufford_Mejoramiento
ss196515514,SYN28449,synonymous,Hufford_Mejoramiento
ss196525771,SYN5760,,Hufford_Mejoramiento
ss196529338,SYNGENTA10384,,Hufford_Mejoramiento
ss196419030,PUT-163a-18178033-1462,,Hufford_Mejoramiento
ss196522672,SYN37339,nonsynonymous,Hufford_Mejoramiento
ss196447730,PZE-103089683,synonymous,Hufford_Mejoramiento
ss196481218,PZE-107123164,nonsynonymous,Hufford_Mejoramiento
ss196428517,PZE-101132110,,Hufford_Mejoramiento
ss196428519,PZE-101132120,,Hufford_Mejoramiento
ss196442420,PZE-103016529,nonsynonymous,Hufford_Mejoramiento
ss196524722,SYN439,synonymous,Hufford_Mejoramiento
ss196524736,SYN441,,Hufford_Mejoramiento
ss196524732,SYN440,synonymous,Hufford_Mejoramiento
ss196524714,SYN438,,Hufford_Mejoramiento
ss196524748,SYN443,,Hufford_Mejoramiento
ss196459040,PZE-104124170,,Hufford_Mejoramiento
ss196459042,PZE-104124173,,Hufford_Mejoramiento
ss196432122,PZE-101214331,synonymous,Hufford_Mejoramiento
ss196431369,PZE-101196147,synonymous,Hufford_Mejoramiento
ss196433515,PZE-102017620,,Hufford_Mejoramiento
ss196480931,PZE-107105934,nonsynonymous,Hufford_Mejoramiento
ss196482263,PZE-108020999,,Hufford_Mejoramiento
ss196482171,PZE-108019123,,Hufford_Mejoramiento
ss196457961,PZE-104101343,,Hufford_Mejoramiento
ss196457963,PZE-104101344,,Hufford_Mejoramiento
ss196468036,PZE-105136959,,Hufford_Mejoramiento
ss196438995,PZE-102113930,synonymous,Hufford_Mejoramiento
ss196530786,ZM012483-0228,,Hufford_Mejoramiento
ss196513722,SYN26256,synonymous,Hufford_Mejoramiento
ss196489129,PZE-109013687,synonymous,Hufford_Mejoramiento
ss196489131,PZE-109013688,synonymous,Hufford_Mejoramiento
ss196489133,PZE-109013689,nonsynonymous,Hufford_Mejoramiento
ss196489135,PZE-109013690,synonymous,Hufford_Mejoramiento
ss196418489,PUT-163a-149015131-784,synonymous,Hufford_Mejoramiento
ss196418487,PUT-163a-149015131-783,synonymous,Hufford_Mejoramiento
ss196494053,PZE-109100243,,Hufford_Mejoramiento
ss196506766,SYN17780,nonsynonymous,Hufford_Mejoramiento
ss196489078,PZE-109012469,,Hufford_Mejoramiento
ss196416824,PZA00481.7,nonsynonymous,Hufford_Mejoramiento
ss196421199,PUT-163a-78082681-4152,,Hufford_Mejoramiento
ss196421203,PUT-163a-78082681-4154,,Hufford_Mejoramiento
ss196421201,PUT-163a-78082681-4153,,Hufford_Mejoramiento
ss196474819,PZE-106105712,,Hufford_Mejoramiento
ss196480516,PZE-107091664,,Hufford_Mejoramiento
ss196467863,PZE-105131005,,Hufford_Mejoramiento
ss196416820,PZB00049.2,,Hufford_Mejoramiento
ss196418283,PUT-163a-148957989-555,synonymous,Hufford_Mejoramiento
ss196419151,PUT-163a-28390221-1625,synonymous,Hufford_Mejoramiento
ss196486759,PZE-108075601,,Hufford_Mejoramiento
ss196511617,SYN23628,,Hufford_Mejoramiento
ss196511622,SYN23632,,Hufford_Mejoramiento
ss196511615,SYN23626,,Hufford_Mejoramiento
ss196511626,SYN23640,synonymous,Hufford_Mejoramiento
ss196510459,SYN22097,synonymous,Hufford_Mejoramiento
ss196420854,PUT-163a-74242884-3673,synonymous,Hufford_Mejoramiento
ss196444083,PZE-103048893,,Hufford_Mejoramiento
ss196474575,PZE-106092575,synonymous,Hufford_Mejoramiento
ss196416469,PZA01342.2,,Hufford_Mejoramiento
ss196475624,PZE-107017355,,Hufford_Mejoramiento
ss196470976,PZE-106023528,,Hufford_Mejoramiento
ss196438426,PZE-102107302,synonymous,Hufford_Mejoramiento
ss196495465,PZE-110019835,synonymous,Hufford_Mejoramiento
ss196495467,PZE-110019836,,Hufford_Mejoramiento
ss196482341,PZE-108023409,,Hufford_Mejoramiento
ss196481132,PZE-107117917,,Hufford_Mejoramiento
ss196451723,PZE-104018218,,Hufford_Mejoramiento
ss196420986,PUT-163a-76284148-3860,synonymous,Hufford_Mejoramiento
ss196511534,SYN23500,,Hufford_Mejoramiento
ss196529722,SYNGENTA1435,synonymous,Hufford_Mejoramiento
ss196529730,SYNGENTA1440,,Hufford_Mejoramiento
ss196523966,SYN38948,,Hufford_Mejoramiento
ss196523964,SYN38947,,Hufford_Mejoramiento
ss196428573,PZE-101133173,,Hufford_Mejoramiento
ss196428575,PZE-101133188,synonymous,Hufford_Mejoramiento
ss196419133,PUT-163a-24934942-1601,,Hufford_Mejoramiento
ss196505563,SYN16332,,Hufford_Mejoramiento
ss196472658,PZE-106047652,,Hufford_Mejoramiento
ss196526428,SYN6514,,Hufford_Mejoramiento
ss196526591,SYN6709,,Hufford_Mejoramiento
ss196416391,PZB00857.1,nonsynonymous,Hufford_Mejoramiento
ss196473298,PZE-106062467,,Hufford_Mejoramiento
ss196416393,PZB00555.3,synonymous,Hufford_Mejoramiento
ss196415079,PZA03775.6,synonymous,Hufford_Mejoramiento
ss196415081,PZA03775.3,synonymous,Hufford_Mejoramiento
ss196447703,PZE-103089288,,Hufford_Mejoramiento
ss196447705,PZE-103089292,,Hufford_Mejoramiento
ss196447707,PZE-103089302,,Hufford_Mejoramiento
ss196433869,PZE-102038770,,Hufford_Mejoramiento
ss196512356,SYN24469,synonymous,Hufford_Mejoramiento
ss196472629,PZE-106046465,synonymous,Hufford_Mejoramiento
ss196512360,SYN24470,synonymous,Hufford_Mejoramiento
ss196501422,SYN11122,,Hufford_Mejoramiento
ss196501426,SYN11127,synonymous,Hufford_Mejoramiento
ss196522375,SYN37005,,Hufford_Mejoramiento
ss196472595,PZE-106045763,,Hufford_Mejoramiento
ss196430283,PZE-101174076,,Hufford_Mejoramiento
ss196528413,SYN8914,,Hufford_Mejoramiento
ss196449722,PZE-103140670,,Hufford_Mejoramiento
ss196509995,SYN21586,,Hufford_Mejoramiento
ss196509985,SYN21573,,Hufford_Mejoramiento
ss196509981,SYN21570,,Hufford_Mejoramiento
ss196509970,SYN21562,,Hufford_Mejoramiento
ss196509977,SYN21568,,Hufford_Mejoramiento
ss196519681,SYN33589,nonsynonymous,Hufford_Mejoramiento
ss196431249,PZE-101194070,,Hufford_Mejoramiento
ss196432082,PZE-101213588,nonsynonymous,Hufford_Mejoramiento
ss196502906,SYN12836,synonymous,Hufford_Mejoramiento
ss196525319,SYN5212,synonymous,Hufford_Mejoramiento
ss196420101,PUT-163a-60356346-2798,,Hufford_Mejoramiento
ss196420103,PUT-163a-60356346-2799,,Hufford_Mejoramiento
ss196479761,PZE-107070979,,Hufford_Mejoramiento
ss196479763,PZE-107070986,,Hufford_Mejoramiento
ss196479765,PZE-107070987,,Hufford_Mejoramiento
ss196522690,SYN3736,synonymous,Hufford_Mejoramiento
ss196522680,SYN3735,stoploss,Hufford_Mejoramiento
ss196522708,SYN3738,,Hufford_Mejoramiento
ss196479767,PZE-107071061,,Hufford_Mejoramiento
ss196522696,SYN3737,,Hufford_Mejoramiento
ss196528929,SYN9549,,Hufford_Mejoramiento
ss196528927,SYN9544,synonymous,Hufford_Mejoramiento
ss196419828,PUT-163a-60343003-2472,,Hufford_Mejoramiento
ss196450004,PZE-103149995,,Hufford_Mejoramiento
ss196450006,PZE-103150004,synonymous,Hufford_Mejoramiento
ss196452370,PZE-104027907,,Hufford_Mejoramiento
ss196502908,SYN12837,,Hufford_Mejoramiento
ss196502910,SYN12838,,Hufford_Mejoramiento
ss196418821,PUT-163a-17931802-1198,synonymous,Hufford_Mejoramiento
ss196418824,PUT-163a-17931802-1199,nonsynonymous,Hufford_Mejoramiento
ss196416401,PHM13451.15,nonsynonymous,Hufford_Mejoramiento
ss196480320,PZE-107085004,nonsynonymous,Hufford_Mejoramiento
ss196419948,PUT-163a-60349887-2625,synonymous,Hufford_Mejoramiento
ss196419954,PUT-163a-60349887-2629,synonymous,Hufford_Mejoramiento
ss196419952,PUT-163a-60349887-2627,synonymous,Hufford_Mejoramiento
ss196419942,PUT-163a-60349887-2622,synonymous,Hufford_Mejoramiento
ss196417877,PUT-163a-110942968-126,synonymous,Hufford_Mejoramiento
ss196429730,PZE-101161632,,Hufford_Mejoramiento
ss196498984,PZE-110057060,,Hufford_Mejoramiento
ss196513664,SYN26179,,Hufford_Mejoramiento
ss196469438,PZE-106007551,,Hufford_Mejoramiento
ss196513673,SYN26183,,Hufford_Mejoramiento
ss196513670,SYN26181,synonymous,Hufford_Mejoramiento
ss196474535,PZE-106090425,,Hufford_Mejoramiento
ss196441131,PZE-102162248,,Hufford_Mejoramiento
ss196423062,PZE-101043180,,Hufford_Mejoramiento
ss196423064,PZE-101043186,,Hufford_Mejoramiento
ss196423066,PZE-101043189,,Hufford_Mejoramiento
ss196427888,PZE-101124545,,Hufford_Mejoramiento
ss196427890,PZE-101124546,,Hufford_Mejoramiento
ss196427892,PZE-101124548,,Hufford_Mejoramiento
ss196427894,PZE-101124566,,Hufford_Mejoramiento
ss196427896,PZE-101124568,synonymous,Hufford_Mejoramiento
ss196418405,PUT-163a-148990812-695,,Hufford_Mejoramiento
ss196419880,PUT-163a-60346254-2548,,Hufford_Mejoramiento
ss196419878,PUT-163a-60346254-2547,synonymous,Hufford_Mejoramiento
ss196461214,PZE-105033085,,Hufford_Mejoramiento
ss196516131,SYN29123,,Hufford_Mejoramiento
ss196420302,PUT-163a-60400909-3035,,Hufford_Mejoramiento
ss196420300,PUT-163a-60400909-3034,,Hufford_Mejoramiento
ss196469091,PZE-106000516,,Hufford_Mejoramiento
ss196514212,SYN26838,synonymous,Hufford_Mejoramiento
ss196514218,SYN26844,nonsynonymous,Hufford_Mejoramiento
ss196461452,PZE-105039867,,Hufford_Mejoramiento
ss196486899,PZE-108078728,synonymous,Hufford_Mejoramiento
ss196440730,PZE-102148690,,Hufford_Mejoramiento
ss196466107,PZE-105097997,nonsynonymous,Hufford_Mejoramiento
ss196472517,PZE-106044272,,Hufford_Mejoramiento
ss196519472,SYN3328,,Hufford_Mejoramiento
ss196504299,SYN14631,synonymous,Hufford_Mejoramiento
ss196504303,SYN14633,synonymous,Hufford_Mejoramiento
ss196462170,PZE-105049349,,Hufford_Mejoramiento
ss196462172,PZE-105049350,,Hufford_Mejoramiento
ss196523268,SYN38082,,Hufford_Mejoramiento
ss196474885,PZE-106109101,,Hufford_Mejoramiento
ss196494243,PZE-109108057,nonsynonymous,Hufford_Mejoramiento
ss196526538,SYN6642,synonymous,Hufford_Mejoramiento
ss196510415,SYN22048,synonymous,Hufford_Mejoramiento
ss196420713,PUT-163a-71767261-3524,synonymous,Hufford_Mejoramiento
ss196494431,PZE-109119001,,Hufford_Mejoramiento
ss196494433,PZE-109119002,,Hufford_Mejoramiento
ss196494435,PZE-109119005,,Hufford_Mejoramiento
ss196459033,PZE-104124060,synonymous,Hufford_Mejoramiento
ss196473763,PZE-106071381,,Hufford_Mejoramiento
ss196473765,PZE-106071391,,Hufford_Mejoramiento
ss196493448,PZE-109080813,synonymous,Hufford_Mejoramiento
ss196522091,SYN3665,,Hufford_Mejoramiento
ss196522097,SYN3666,,Hufford_Mejoramiento
ss196521964,SYN3648,,Hufford_Mejoramiento
ss196522020,SYN3654,synonymous,Hufford_Mejoramiento
ss196469473,PZE-106007874,,Hufford_Mejoramiento
ss196459599,PZE-104132640,,Hufford_Mejoramiento
ss196497609,PZE-110040541,synonymous,Hufford_Mejoramiento
ss196431580,PZE-101199832,synonymous,Hufford_Mejoramiento
ss196489761,PZE-109029331,,Hufford_Mejoramiento
ss196489764,PZE-109029355,,Hufford_Mejoramiento
ss196517644,SYN30934,,Hufford_Mejoramiento
ss196430171,PZE-101171709,synonymous,Hufford_Mejoramiento
ss196459338,PZE-104128866,,Hufford_Mejoramiento
ss196459340,PZE-104128868,,Hufford_Mejoramiento
ss196467153,PZE-105112628,,Hufford_Mejoramiento
ss196414761,tb1.11,synonymous,Hufford_Mejoramiento
ss196414759,tb1.12,synonymous,Hufford_Mejoramiento
ss196414757,tb1.14,synonymous,Hufford_Mejoramiento
ss196414755,tb1.15,synonymous,Hufford_Mejoramiento
ss196414753,tb1.17,,Hufford_Mejoramiento
ss196432160,PZE-101215248,,Hufford_Mejoramiento
ss196414750,tb1.18,,Hufford_Mejoramiento
ss196426104,PZE-101104375,,Hufford_Mejoramiento
ss196426106,PZE-101104376,,Hufford_Mejoramiento
ss196426108,PZE-101104380,,Hufford_Mejoramiento
ss196426110,PZE-101104391,,Hufford_Mejoramiento
ss196426112,PZE-101104401,nonsynonymous,Hufford_Mejoramiento
ss196495298,PZE-110017900,,Hufford_Mejoramiento
ss196495300,PZE-110017901,,Hufford_Mejoramiento
ss196495302,PZE-110017902,,Hufford_Mejoramiento
ss196513937,SYN26508,,Hufford_Mejoramiento
ss196513939,SYN26509,,Hufford_Mejoramiento
ss196513943,SYN26514,synonymous,Hufford_Mejoramiento
ss196495304,PZE-110017926,synonymous,Hufford_Mejoramiento
ss196421239,PUT-163a-78086732-4196,synonymous,Hufford_Mejoramiento
ss196417639,PZA-000310005,synonymous,Hufford_Mejoramiento
ss196418895,PUT-163a-18165512-1274,,Hufford_Mejoramiento
s196416395,PZA00182.4,synonymous,Hufford_Mejoramiento
ss196421090,PUT-163a-76915921-4006,synonymous,Hufford_Mejoramiento
ss196513990,SYN26573,synonymous,Hufford_Mejoramiento
ss196482355,PZE-108023966,,Hufford_Mejoramiento
ss196482353,PZE-108023953,,Hufford_Mejoramiento
ss196482351,PZE-108023946,synonymous,Hufford_Mejoramiento
ss196512033,SYN24099,synonymous,Hufford_Mejoramiento
ss196512037,SYN24101,nonsynonymous,Hufford_Mejoramiento
ss196512031,SYN24096,,Hufford_Mejoramiento
ss196432650,PZE-101229323,synonymous,Hufford_Mejoramiento
ss196516712,SYN29817,,Hufford_Mejoramiento
ss196419996,PUT-163a-60352681-2689,synonymous,Hufford_Mejoramiento
ss196419998,PUT-163a-60352681-2690,nonsynonymous,Hufford_Mejoramiento
ss196430307,PZE-101174451,,Hufford_Mejoramiento
ss196430309,PZE-101174453,,Hufford_Mejoramiento
ss196427629,PZE-101121511,synonymous,Hufford_Mejoramiento
ss196513697,SYN26223,nonsynonymous,Hufford_Mejoramiento
ss196429710,PZE-101161082,,Hufford_Mejoramiento
ss196451827,PZE-104019736,,Hufford_Mejoramiento
ss196459233,PZE-104127679,,Hufford_Mejoramiento
ss196488735,PZE-109003046,,Hufford_Mejoramiento
ss196488737,PZE-109003047,,Hufford_Mejoramiento
ss196526044,SYN6090,,Hufford_Mejoramiento
ss196441250,PZE-102166542,,Hufford_Mejoramiento
ss196441253,PZE-102166543,,Hufford_Mejoramiento
ss196494810,PZE-110009869,,Hufford_Mejoramiento
ss196494812,PZE-110009873,,Hufford_Mejoramiento
ss196504883,SYN15455,,Hufford_Mejoramiento
ss196440746,PZE-102149235,,Hufford_Mejoramiento
ss196492490,PZE-109060648,,Hufford_Mejoramiento
ss196440141,PZE-102130369,,Hufford_Mejoramiento
ss196440143,PZE-102130370,,Hufford_Mejoramiento
ss196414377,PZA03519.2,synonymous,Hufford_Mejoramiento
ss196414379,PZA03519.1,synonymous,Hufford_Mejoramiento
ss196414381,PZA03520.2,,Hufford_Mejoramiento
ss196414383,PZA03520.3,synonymous,Hufford_Mejoramiento
ss196422412,PZE-101017779,synonymous,Hufford_Mejoramiento
ss196414387,PZA00106.9,nonsynonymous,Hufford_Mejoramiento
ss196479348,PZE-107060843,,Hufford_Mejoramiento
ss196473077,PZE-106056888,,Hufford_Mejoramiento
ss196480477,PZE-107089944,,Hufford_Mejoramiento
ss196512372,SYN24490,synonymous,Hufford_Mejoramiento
ss196430895,PZE-101187488,synonymous,Hufford_Mejoramiento
ss196430897,PZE-101187496,synonymous,Hufford_Mejoramiento
ss196514907,SYN27670,synonymous,Hufford_Mejoramiento
ss196430899,PZE-101187508,nonsynonymous,Hufford_Mejoramiento
s196498073,PZE-110046499,,Hufford_Mejoramiento
ss196518365,SYN31836,,Hufford_Mejoramiento
ss196431783,PZE-101205573,,Hufford_Mejoramiento
ss196423935,PZE-101068426,synonymous,Hufford_Mejoramiento
ss196451565,PZE-104014100,,Hufford_Mejoramiento
ss196511481,SYN23406,,Hufford_Mejoramiento
ss196433981,PZE-102042184,,Hufford_Mejoramiento
ss196457491,PZE-104089913,,Hufford_Mejoramiento
ss196434095,PZE-102046696,synonymous,Hufford_Mejoramiento
ss196530860,ZM012969-0277,synonymous,Hufford_Mejoramiento
ss196488177,PZE-108112595,,Hufford_Mejoramiento
ss196480816,PZE-107100388,,Hufford_Mejoramiento
ss196480818,PZE-107100406,,Hufford_Mejoramiento
ss196428541,PZE-101132612,synonymous,Hufford_Mejoramiento
ss196428543,PZE-101132634,,Hufford_Mejoramiento
ss196440963,PZE-102155107,,Hufford_Mejoramiento
ss196499775,PZE-110073354,,Meyer
ss196499781,PZE-110073412,,Meyer
ss196499779,PZE-110073407,,Meyer
ss196499777,PZE-110073381,,Meyer
ss196415563,ba1.5,nonsynonymous,Meyer
ss196415561,ba1.6,synonymous,Meyer
ss196415558,ba1.7,synonymous,Meyer
ss196454459,PZE-104050723,,Meyer
ss196454463,PZE-104050777,,Meyer
ss196454461,PZE-104050744,,Meyer
ss196498387,PZE-110050042,synonymous,Meyer
ss196489866,PZE-109030440,,Meyer
ss196489868,PZE-109030441,,Meyer
ss196489870,PZE-109030442,,Meyer
ss196417158,PZB00235.1,synonymous,Meyer
ss196414772,PZD00083.2,,Meyer
ss196414770,PZD00083.3,,Meyer
ss196414768,PZD00083.4,,Meyer
ss196414766,tb1.5,,Meyer
ss196414764,tb1.7,,Meyer
ss196414761,tb1.11,synonymous,Meyer
ss196414759,tb1.12,synonymous,Meyer
ss196414757,tb1.14,synonymous,Meyer
ss196414755,tb1.15,synonymous,Meyer
ss196414753,tb1.17,,Meyer
ss196432160,PZE-101215248,,Meyer
ss196414750,tb1.18,,Meyer
ss196451020,PZE-103186823,,Meyer
ss196415662,PZB01460.1,,Meyer
ss196451022,PZE-103186829,,Meyer
ss196510257,SYN21882,,Meyer
ss196510259,SYN21883,,Meyer
ss196491902,PZE-109051750,,Meyer
ss196491904,PZE-109051753,,Meyer
ss196415151,PZA00720.2,synonymous,Meyer
ss196415153,pbf1.7,synonymous,Meyer
ss196415156,pbf1.6,,Meyer
ss196415158,pbf1.5,,Meyer
ss196415160,pbf1.3,,Meyer
ss196471946,PZE-106035079,synonymous,Meyer
ss196416633,PZB00174.4,synonymous,Meyer
ss196416635,PZB00174.5,synonymous,Meyer
ss196416637,PZB00175.6,nonsynonymous,Meyer
,,,Meyer
ss196415939,PZA03754.2,synonymous,Meyer
ss196415941,PZA03754.1,synonymous,Meyer
ss196529344,SYNGENTA10406,,Meyer
ss196417093,sh1.11,synonymous,Meyer
ss196417095,sh1.12,synonymous,Meyer
ss196417097,sh1.1,synonymous,Meyer
ss196489032,PZE-109010665,,Meyer
ss196420071,PUT-163a-60355202-2755,synonymous,Meyer
ss196530019,SYNGENTA16693,synonymous,Meyer
ss196530021,SYNGENTA16696,,Meyer
ss196417928,PUT-163a-13177998-175,,Meyer
ss196415979,PZA00089.3,synonymous,Meyer
ss196460752,PZE-105012008,,Meyer
ss196415977,PHM14671.9,,Meyer
ss196460754,PZE-105012181,,Meyer
ss196460756,PZE-105012189,,Meyer
ss196414761,tb1.11,synonymous,Meyer
ss196414759,tb1.12,synonymous,Meyer
ss196414757,tb1.14,synonymous,Meyer
ss196414755,tb1.15,synonymous,Meyer
ss196414753,tb1.17,,Meyer
ss196432160,PZE-101215248,,Meyer
ss196414750,tb1.18,,Meyer
ss196451020,PZE-103186823,,Meyer
ss196415662,PZB01460.1,,Meyer
ss196451022,PZE-103186829,,Meyer
ss196452782,PZE-104035091,,Meyer
ss196481017,PZE-107110616,,Meyer
ss196498047,PZE-110046073,synonymous,Meyer
ss196512274,SYN24388,,Meyer
ss196512272,SYN24386,,Meyer
ss196512270,SYN24385,nonsynonymous,Meyer
ss196498049,PZE-110046160,,Meyer
ss196498051,PZE-110046162,,Meyer
ss196498053,PZE-110046235,,Meyer
ss196414339,PZD00021.2,,Meyer
ss196414341,PZD00020.2,,Meyer
ss196414343,PZD00020.4,synonymous,Meyer
ss196414346,PZD00081.2,,Meyer
ss196414348,PZD00019.1,,Meyer
ss196414352,zagl1.1,,Meyer
